Year,Region,State for Tableau,Eggs,"Food prep. by consumer unit, out-of-town trips","Meats, poultry, fish, and eggs",Bakery products,Beef,Cereals and bakery products,Cereals and cereal products,Dairy products,Fats and oils,Fish and seafood,Food away from home,Food at home,Food,Fresh vegetables,Fresh fruits,Fruits and vegetables,Fresh milk and cream,Miscellaneous foods,Nonalcoholic beverages,Other dairy products,Other food at home,Other meats,Pork,Poultry,Processed fruits,Processed vegetables,Sugar and other sweets,Alcoholic beverages
2003,northeast,New York,53.84431063590321,48.17648846370287,1259.6734777715249,463.3444625773777,338.65237478897023,687.2234383792909,223.87897580191338,500.1853066966799,126.10904333145751,206.87550928531232,3434.700236353405,4684.455025323579,8119.155261676985,269.22155317951604,262.13677546426567,830.3359482273496,184.204220596511,670.21997186269,385.4119077096229,314.56413055711874,1408.4538097917841,187.03813168261115,238.04853123241418,233.79766460326397,174.2855317951604,124.69208778840743,178.53639842431062,605.0400168823861
2003,midwest,Iowa,43.92562183455262,49.59344400675296,1040.045368598762,391.07972988182337,318.814997186269,582.3687281935847,191.28899831176145,457.6766404051773,111.93948790095669,137.4446876758582,3094.630906021385,4114.8388970174465,7209.469803038829,201.207687113112,215.37724254361285,668.8030163196399,178.53639842431062,674.4708384918403,359.90670793472145,279.14024198086656,1363.1112324141816,138.86164321890828,228.12984243106357,174.2855317951604,136.02773213280813,114.77339898705685,167.20075407990998,571.0330838491841
2003,south,Florida,51.01039954980305,42.508666291502536,1183.1578784468206,383.99495216657294,371.2423522791221,585.202639279685,201.207687113112,422.25275182892517,120.44122115925718,171.45162070906022,2782.900686550366,4245.198806978053,7028.099493528419,218.211153629713,211.12637591446256,692.8912605514912,165.78379853685988,682.9725717501408,365.5745301069218,256.4689532920653,1361.6942768711313,133.19382104670794,256.4689532920653,199.79073157006192,138.86164321890828,124.69208778840743,151.61424310635903,488.8496623522792
2003,west,California,63.7629994372538,70.84777715250422,1202.995256049522,439.2562183455262,349.98801913337087,682.9725717501408,245.1333089476646,508.6870399549804,128.9429544175577,199.79073157006192,3470.124124929657,4857.323601575689,8326.0307709623,307.4793528418683,301.811530669668,896.9328587507034,196.9568204839617,752.4033933595949,420.8357962858751,311.73021947101864,1564.3189195272935,130.35990996060778,236.63157568936413,222.4620202588633,177.11944288126057,110.52253235790657,191.28899831176145,596.5382836240856
2003,All,,52.427355092853134,51.01039954980305,1168.9883230163198,413.75101857062464,348.5710635903208,626.2943500281374,212.5433314575127,464.7614181204278,121.85817670230728,175.7024873382105,3132.888705683737,4433.653894203714,7566.5425998874525,243.71635340461452,242.29939786156447,758.0712155317952,179.95335396736073,694.3082160945413,379.74408553742273,284.808064153067,1415.5385875070347,144.52946539110863,242.29939786156447,205.45855374226227,153.03119864940913,119.02426561620709,168.61770962296006,554.0296173325831
2002,northeast,New York,50.12943686006825,61.58759385665529,1257.5327303754266,472.648976109215,332.28655290102387,713.2702730375428,240.62129692832764,498.4298293515358,133.20107508532422,226.29860068259384,3605.0226450511946,4720.7606825938565,8325.783327645051,280.7248464163822,283.589385665529,866.5231228668943,183.3305119453925,645.9536006825938,373.82237201365183,316.5315870307167,1385.0047269624572,171.87235494880542,234.8922184300341,240.62129692832764,189.05959044368598,114.5815699658703,170.44008532423211,655.9794880546075
2002,midwest,Iowa,37.23901023890785,51.56170648464164,1011.1823549488057,413.92592150170645,299.34435153583615,623.0372866894198,209.11136518771332,458.3262798634812,114.5815699658703,130.33653583617743,3218.3098464163822,4199.414539249146,7419.156655290102,207.67909556313992,224.86633105802048,701.8121160409556,184.76278156996585,690.3539590443686,378.11918088737195,273.5634982935153,1405.0565017064844,143.22696245733786,224.86633105802048,179.03370307167233,154.6851194539249,113.14930034129692,170.44008532423211,587.2305460750853
2002,south,Florida,47.264897610921494,50.12943686006825,1158.7061262798634,396.738686006826,346.60924914675763,602.9855119453924,207.67909556313992,429.68088737201373,118.87837883959044,167.57554607508533,3066.4892662116035,4240.950358361774,7307.439624573378,227.7308703071672,230.59540955631402,731.8897781569965,170.44008532423211,654.547218430034,333.71882252559726,259.2408020477816,1316.255784982935,137.49788395904437,260.67307167235487,200.517747440273,147.52377133105801,126.03972696245731,157.54965870307166,403.9000341296928
2002,west,California,60.15532423208191,77.34255972696245,1155.8415870307167,435.40996587030713,339.4479010238908,671.7344539249146,237.75675767918088,522.7784129692833,126.03972696245731,180.46597269624573,3314.2719112627983,4750.838344709898,8063.677986348122,305.0734300341297,300.77662116040955,909.4912116040956,197.65320819112628,720.4316211604096,386.71279863481226,325.12520477815696,1490.992679180887,134.63334470989759,224.86633105802048,214.84044368600686,184.76278156996585,118.87837883959044,180.46597269624573,601.5532423208191
2002,All,,48.69716723549488,58.72305460750854,1142.9511604095562,423.9518088737201,330.8542832764505,644.5213310580205,220.56952218430038,469.7844368600682,121.74291808873718,173.30462457337882,3259.84566552901,4438.603566552901,7698.449232081911,250.64718430034125,254.94399317406143,790.6128327645051,181.8982423208191,676.0312627986348,363.7964846416382,287.8861945392492,1389.3015358361774,144.65923208191126,239.18902730375427,206.24682593856656,166.1432764505119,118.87837883959044,167.57554607508533,538.5333788395906
2001,northeast,New York,54.51340550029257,57.46007606787594,1383.461831480398,489.1473142188414,371.2804915155061,752.8743300175541,263.72701579871267,552.5007314218842,135.54684610883558,226.89363370392044,3387.197817437097,5007.866629607957,8393.591111761265,269.6203569338794,281.407039204213,895.7878525453481,206.26693973083675,670.3675541252194,386.01384435342317,346.23379169104743,1423.2418841427734,187.1135810415448,266.67368636629607,278.4603686366296,204.79360444704503,138.49351667641895,173.85356348741954,568.7074195435928
2001,midwest,Iowa,41.253387946167344,54.51340550029257,1060.8014043300177,422.8472264482154,341.8137858396724,640.9008484493856,218.05362200117028,483.2539730836747,114.92015213575188,122.28682855471035,3182.404212990053,4260.885640725572,7443.2898537156225,197.42692802808662,216.58028671737858,676.2608952603863,198.90026331187832,677.7342305441779,384.54050906963136,284.3537097717964,1401.1418548858985,139.96685196021065,234.26031012287888,182.69357519016967,150.28019894675248,113.44681685196022,167.96022235225274,509.77400819192513
2001,south,Florida,51.56673493270919,42.72672322995904,1246.4416500877705,419.900555880632,378.64716793446456,635.0075073142187,215.10695143358691,443.473920421299,132.60017554125218,156.17354008191924,3197.13756582797,4394.959151550615,7592.096717378585,219.52695728496198,206.26693973083675,710.147606787595,184.16691047396137,660.0542071386775,362.44047981275594,257.83367466354593,1359.888466939731,145.8601930953774,291.7203861907548,223.94696313633702,159.1202106495026,125.23349912229372,163.54021650087768,439.05391456992385
2001,west,California,60.40674663545935,81.03344060854299,1202.2415915740198,430.21390286717383,363.9138150965477,668.8942188414278,238.68031597425397,512.7206787595085,126.70683440608543,181.22023990637797,3485.911281451141,4689.626208308953,8175.537489760094,282.8803744880047,266.67368636629607,850.1144587478058,221.0002925687537,677.7342305441779,387.4871796372148,291.7203861907548,1455.6552603861908,138.49351667641895,237.20698069046227,219.52695728496198,184.16691047396137,116.39348741954359,182.69357519016967,589.3341135166764
2001,All,,51.56673493270919,55.986740784084255,1219.9216149795202,436.10724400234056,365.38715038033934,665.9475482738442,229.84030427150375,489.1473142188414,128.18016968987712,167.96022235225274,3292.9043592744288,4546.712685781158,7839.617045055588,238.68031597425397,235.73364540667058,769.0810181392627,200.37359859567002,670.3675541252194,377.1738326506729,288.77371562317137,1402.6151901696899,150.28019894675248,260.78034523112933,223.94696313633702,170.90689291983617,123.76016383850204,170.90689291983617,514.1940140433002
2000,northeast,New York,53.05692354003614,62.15239614689946,1338.5503853100545,494.18734497290785,375.9462010836845,744.3128416616496,248.60958458759785,536.6328838049369,134.91617700180618,225.87090307043948,3297.108819987959,4853.950547862733,8151.059367850693,278.9278266104757,274.380090307044,877.7131065623119,200.10039735099338,603.3330162552679,363.81890427453345,336.53248645394336,1356.741330523781,175.84580373269117,245.57776038531009,263.7687055990368,198.5844852498495,125.8207043949428,191.00492474413002,591.2057194461169
2000,midwest,Iowa,42.4455388320289,62.15239614689946,1092.9726249247442,442.64633353401564,342.596134858519,673.0649729078867,230.4186393738712,500.2509933774835,113.6934075857917,118.24114388922337,3519.947898856111,4446.170192655028,7966.118091511139,207.6799578567129,228.9027272727273,730.6696327513547,200.10039735099338,709.4468633353401,377.46211318482847,298.63468392534617,1450.727880794702,156.1389464178206,242.54593618302232,189.4890126429861,171.2980674292595,122.78888019265504,187.97310054184226,588.1738952438291
2000,south,Florida,54.57283564118002,43.96145093317279,1180.8955267910894,415.35991571342566,348.6597832630945,639.7149066827212,224.35499096929559,433.5508609271523,124.30479229379893,151.5912101143889,2881.7489042745337,4279.419861529199,7161.168765803733,210.7117820590006,213.74360626128842,712.478687537628,184.9412763395545,621.5239614689948,360.7870800722457,248.60958458759785,1314.295791691752,142.4957375075256,266.8005298013245,215.25951836243232,156.1389464178206,130.36844069837449,162.20259482239618,460.8372787477424
2000,west,California,57.604659843467786,83.3751655629139,1244.5638350391332,474.48048765803736,386.5575857916918,727.6378085490669,253.15732089102954,539.6647080072247,131.88435279951838,187.97310054184226,3463.8591511137874,4955.516658639373,8419.375809753159,288.02329921733894,297.1187718242022,897.4199638771825,219.80725466586395,733.7014569536424,419.90765201685736,319.8574533413607,1547.746255267911,142.4957375075256,248.60958458759785,221.32316676700782,186.4571884406984,127.3366164960867,177.36171583383504,680.6445334136063
2000,All,,51.54101143889224,60.63648404575558,1205.150120409392,450.2258940397352,360.7870800722457,686.7081818181819,236.48228777844673,492.67143287176407,125.8207043949428,166.7503311258278,3239.5041601444923,4579.570457555689,7819.074617700181,241.0300240818784,247.09367248645398,789.7902046959662,198.5844852498495,662.4535881998796,378.9780252859723,292.5710355207706,1405.2505177603855,153.10712221553283,253.15732089102954,219.80725466586395,174.32989163154727,127.3366164960867,177.36171583383504,563.9193016255267
1999,northeast,New York,55.474589963280295,58.55651162790697,1278.9974908200736,488.4845838433293,366.7486780905753,750.4479253365973,261.963341493268,556.2868604651163,129.44070991432068,204.9477906976744,3692.1421542227667,4752.323206854345,8444.465361077111,258.88141982864136,272.75006731946144,869.1019094247246,208.0297123623011,594.8108812729497,345.1752264381885,348.25714810281517,1299.0299816401468,177.21049571603427,226.5212423500612,249.6356548347613,209.57067319461441,129.44070991432068,171.04665238678092,565.5326254589962
1999,midwest,Iowa,36.983059975520206,57.01555079559363,1009.3293451652388,431.46903304773565,322.0608139534884,659.5312362301103,229.60316401468788,473.07497552019584,115.57206242350064,109.40821909424723,3276.082729498164,4222.2326805385555,7496.774449204407,189.538182374541,201.86586903304772,674.9408445532437,184.91529987760097,682.6456487148102,374.453482252142,288.1596756425949,1405.3562790697674,147.93223990208082,232.68508567931457,161.80088739290085,154.09608323133415,129.44070991432068,174.12857405140758,499.2713096695226
1999,south,Florida,47.76978580171359,46.22882496940024,1138.7700550795594,405.27269889840886,326.6836964504284,641.0397062423501,235.76700734394126,446.87864137086905,127.89974908200732,154.09608323133415,2907.793090575275,4205.2821113831105,7111.534241126071,203.40682986536103,198.78394736842102,694.9733353733169,172.58761321909424,588.6470379436963,359.04387392900856,274.2910281517748,1282.0794124847002,137.1455140758874,261.963341493268,209.57067319461441,155.6370440636475,137.1455140758874,160.25992656058753,394.48597307221536
1999,west,California,63.179394124847,87.83476744186045,1221.98194002448,479.23881884944916,352.8800305997552,747.3660036719707,268.12718482252143,547.0410954712362,144.8503182374541,200.3249082007344,3414.7692044063647,5000.4179008567935,8416.728066095471,283.5367931456548,295.86447980416165,899.9211260709914,198.78394736842102,747.3660036719707,416.0594247246022,348.25714810281517,1585.6486964504284,146.3912790697674,232.68508567931457,226.5212423500612,192.62010403916767,129.44070991432068,187.99722154222766,562.4507037943697
1999,All,,49.31074663402693,60.09747246022032,1154.1796634026928,443.79671970624236,339.01138310893515,690.350452876377,246.55373317013462,496.189388004896,129.44070991432068,163.3418482252142,3260.673121175031,4491.900826193391,7752.573947368422,229.60316401468788,234.22604651162789,770.4804161566707,187.99722154222766,647.2035495716034,372.91252141982864,308.1921664626683,1380.700905752754,149.47320073439414,241.9308506731946,209.57067319461441,174.12857405140758,132.52263157894734,172.58761321909424,490.02554467564255
1998,northeast,New York,51.96478424015009,91.33204502814259,1236.1319887429645,477.13120075046896,368.47756097560966,725.9322889305816,248.80108818011257,510.19969981238273,121.25116322701687,177.94001876172612,3509.984971857411,4593.371988742964,8103.356960600375,253.52515947467168,253.52515947467168,809.3908818011258,190.5375422138837,570.0379362101312,355.88003752345213,319.66215759849905,1311.71712945591,165.34249530956845,229.90480300187613,244.07701688555343,177.94001876172612,125.975234521576,171.64125703564727,579.4860787992495
1998,midwest,Iowa,42.5166416510319,80.3092120075047,1081.8123264540336,442.4880112570356,355.88003752345213,678.6915759849904,236.20356472795498,473.98181988742965,118.10178236397749,114.95240150093807,3166.7024577861157,4291.031425891182,7459.308574108818,203.1350656660413,228.33011257035648,700.7372420262665,190.5375422138837,609.4051969981239,368.47756097560966,283.44427767354597,1357.3831519699809,155.89435272045029,234.62887429643527,176.36532833020638,151.17028142589118,118.10178236397749,181.08939962476543,447.2120825515948
1998,south,Florida,50.3900938086304,66.1369981238274,1118.0302063789868,406.2701313320826,325.96091932457784,607.8305065666042,201.5603752345216,429.890487804878,118.10178236397749,152.74497185741092,2927.349512195122,4081.597598499062,7007.3724202626645,206.2844465290807,198.4109943714822,669.2434333958723,176.36532833020638,574.7620075046905,349.5812757973733,253.52515947467168,1256.6029643527204,130.69930581613508,240.92763602251404,215.7325891181989,144.87151969981238,118.10178236397749,149.59559099437146,392.0979174484052
1998,west,California,59.838236397748595,110.228330206379,1147.9493245778613,450.3614634146341,338.5584427767355,705.4613133208253,255.09984990619137,514.9237711069418,129.1246153846154,176.36532833020638,3376.136285178237,4749.2663414634135,8123.82793621013,269.2720637898687,283.44427767354597,848.7581425891182,207.85913696060035,708.6106941838649,388.94853658536573,308.6393245778612,1532.1737898686679,136.9980675422139,206.2844465290807,229.90480300187613,174.79063789868667,121.25116322701687,196.83630393996248,595.2329831144465
1998,All,,50.3900938086304,83.4585928705441,1138.501181988743,437.7639399624765,343.28251407129454,669.2434333958723,229.90480300187613,473.98181988742965,121.25116322701687,154.31966228893057,3196.62157598499,4377.639399624765,7574.260975609755,228.33011257035648,234.62887429643527,743.2538836772983,188.962851782364,610.9798874296437,363.75348968105067,285.0189681050656,1351.0843902439024,144.87151969981238,229.90480300187613,215.7325891181989,159.04373358348968,119.67647279549719,171.64125703564727,486.5793433395872
1997,northeast,New York,57.994548944337815,91.82470249520155,1271.0471976967372,525.1728598848368,344.7453742802304,811.9236852207292,285.1398656429942,526.7838195777351,136.93157389635314,173.9836468330134,3846.971746641075,4784.5502879078695,8631.522034548945,260.97547024952013,272.25218809980805,845.7538387715932,209.42476007677539,557.3920537428022,367.298809980806,318.970019193858,1329.0417466410747,180.4274856046065,227.1453166986564,285.1398656429942,185.2603646833013,127.26581573896351,175.59460652591167,610.5537236084452
1997,midwest,Iowa,40.27399232245681,88.60278310940498,1068.0662763915543,470.40023032629546,333.46865642994237,718.4880230326296,248.087792706334,496.175585412668,117.60005758157386,93.4356621880998,3047.9357389635315,4412.418598848368,7460.354337811899,196.53708253358926,235.20011516314773,692.7126679462573,207.81380038387715,657.2715547024952,386.6303262955854,288.3617850287908,1436.9760460652592,162.70692898272551,246.47683301343568,191.70420345489444,148.2082917466411,112.76717850287909,186.8713243761996,492.95366602687136
1997,south,Florida,49.93975047984645,64.4383877159309,1213.0526487523994,428.51527831094046,378.57552783109406,668.5482725527829,240.03299424184257,467.178310940499,130.48773512476006,136.93157389635314,2666.138291746641,4463.969309021113,7130.107600767754,201.36996161228404,211.0357197696737,705.6003454894434,191.70420345489444,623.4414011516315,407.57280230326285,275.4741074856046,1411.2006909788868,141.76445297504796,278.6960268714011,227.1453166986564,149.81925143953933,143.37541266794625,185.2603646833013,368.9097696737044
1997,west,California,66.04934740882918,99.8795009596929,1246.882802303263,481.6769481765835,375.3536084452975,763.5948944337812,281.9179462571977,555.781094049904,138.54253358925143,177.20556621880996,3144.593320537428,5034.249040307102,8178.842360844529,283.52890595009586,273.8631477927063,871.5291938579654,225.53435700575812,766.8168138195778,404.3508829174664,330.2467370441458,1596.461055662188,144.98637236084448,241.6439539347409,243.2549136276392,186.8713243761996,127.26581573896351,188.48228406909786,607.3318042226488
1997,All,,53.161669865643,83.76990403071018,1196.9430518234165,470.40023032629546,360.854971209213,729.7647408829173,259.3645105566219,505.8413435700576,130.48773512476006,143.37541266794625,3094.653570057581,4639.5639155470235,7734.217485604606,230.36723608445288,241.6439539347409,766.8168138195778,206.2028406909789,649.2167562380038,394.6851247600768,299.63850287907866,1441.808925143954,154.65213051823415,252.9206717850288,233.5891554702495,164.3178886756238,128.8767754318618,183.6494049904031,497.7865451055662
1996,northeast,New York,55.100590185676396,66.78859416445624,1332.432453580902,519.2813196286471,352.30983421750665,816.4905636604774,298.87895888594164,571.0424801061008,148.60462201591508,188.67777851458885,3204.182805039788,5042.538859416445,8248.391379310344,285.5212400530504,277.17266578249337,908.3248806366048,225.41150530503975,592.748773209549,415.7589986737401,345.63097480106103,1415.9181962864718,195.35663793103447,243.7783687002652,300.548673740053,215.39321618037133,128.56804376657828,192.0172082228117,589.4093435013262
1996,midwest,Iowa,48.42173076923078,83.4857427055703,1143.754675066313,472.5293037135279,342.2915450928382,743.0231100795756,270.4938063660477,535.9784681697612,133.57718832891248,111.87089522546421,3093.981624668435,4721.953607427055,7815.93523209549,218.73264588859416,252.12694297082228,771.4082625994695,230.420649867374,676.2345159151192,444.1441511936339,305.55781830238726,1529.4588063660474,168.64120026525197,270.4938063660477,202.0354973474801,170.31091511936341,128.56804376657828,193.6869230769231,517.6116047745356
1996,south,Florida,55.100590185676396,75.13716843501325,1237.2587068965518,440.80472148541116,370.67669761273214,694.6013793103447,255.4663726790451,459.17158488063654,135.24690318302387,133.57718832891248,2848.533541114058,4549.972977453581,7398.506518567639,215.39321618037133,217.06293103448277,729.6653912466843,203.70521220159145,632.8219297082227,407.4104244031829,255.4663726790451,1430.9456299734748,151.9440517241379,287.19095490716177,237.09950928381957,163.63205570291774,135.24690318302387,180.32920424403184,455.83215517241376
1996,west,California,68.45830901856763,108.53146551724136,1222.231273209549,469.189874005305,363.99783819628647,766.3991180371353,297.20924403183017,556.0150464190981,140.25604774535807,168.64120026525197,3150.7519297082226,5060.905722811671,8211.657652519893,288.8606697612732,303.8881034482758,930.031173740053,235.42979442970818,714.6379575596817,420.7681432360743,320.58525198938986,1586.2291114058355,153.61376657824934,232.0903647214854,235.42979442970818,198.69606763925728,138.58633289124668,203.70521220159145,539.317897877984
1996,All,,56.770305039787786,81.81602785145887,1230.579847480106,469.189874005305,358.98869363395227,746.3625397877983,277.17266578249337,520.9510344827586,138.58633289124668,146.9349071618037,3043.8901790450927,4802.099920424404,7844.320384615385,245.44808355437667,255.4663726790451,818.160278514589,220.40236074270558,652.8585079575597,420.7681432360743,300.548673740053,1484.3765053050395,165.3017705570292,262.1452320954907,240.43893899204244,183.66863395225465,133.57718832891248,190.3474933687003,515.9418899204244
1995,northeast,New York,61.579809782608706,71.84311141304347,1481.3365353260874,569.6132404891305,396.8476630434783,903.1705434782608,333.55730298913045,561.0604891304349,148.81787364130437,220.66098505434783,2990.041875000001,5340.337948369566,8330.379823369565,301.056847826087,299.34629755434787,944.22375,225.79263586956523,603.8242459239133,427.6375679347826,335.26785326086963,1448.8360801630436,224.08208559782608,266.8458423913044,311.3201494565218,205.26603260869567,138.55457201086958,195.00273097826093,559.3499388586956
1995,midwest,Iowa,41.053206521739135,75.26421195652175,1144.3581317934786,443.0325203804349,378.0316100543478,703.0361616847828,260.00364130434787,477.24352581521737,130.00182065217393,119.73851902173917,2945.5675679347833,4491.9050135869575,7437.47258152174,195.00273097826093,232.63483695652172,704.7467119565217,201.84493206521745,648.2985529891305,417.3742663043478,275.39859375000003,1462.5204823369568,172.7655774456522,234.3453872282609,198.42383152173915,148.81787364130437,128.2912703804348,193.29218070652172,446.4536209239131
1995,south,Florida,49.60595788043479,63.290360054347836,1276.0705027173915,429.34811820652186,398.55821331521736,691.0623097826088,261.714191576087,461.84857336956526,135.13347146739133,150.5284239130435,2815.565747282609,4491.9050135869575,7307.470760869565,217.2398845108696,215.5293342391305,716.7205638586956,198.42383152173915,590.1398437500002,386.5843614130435,263.42474184782606,1346.203063858696,159.0811752717391,294.21464673913044,224.08208559782608,141.97567255434782,143.68622282608695,171.05502717391306,413.9531657608696
1995,west,California,58.15870923913044,106.05411684782612,1289.7549048913045,482.37517663043485,381.4527105978262,776.5898233695652,292.5040964673913,566.1921399456522,155.6600747282609,198.42383152173915,2955.830869565217,5129.940264945653,8084.060584239131,248.02978940217395,263.42474184782606,821.0641304347827,225.79263586956523,764.6159714673913,427.6375679347826,340.399504076087,1674.628716032609,165.9233763586957,261.714191576087,225.79263586956523,177.8972282608696,131.71237092391306,220.66098505434783,525.1389334239129
1995,All,,51.31650815217392,76.97476222826089,1286.3338043478266,472.11187500000005,390.00546195652186,754.3526698369566,282.24079483695647,508.0334307065218,140.26512228260873,165.9233763586957,2911.3565625,4794.672411684783,7706.028974184784,234.3453872282609,246.3192391304348,781.7214741847827,210.39768342391307,644.8774524456522,410.5320652173913,297.63574728260875,1464.2310326086956,177.8972282608696,266.8458423913044,236.05593750000003,164.21282608695654,136.84402173913043,191.58163043478262,473.8224252717392
1994,northeast,New York,50.84956128133705,78.90449164345405,1472.8838440111422,543.5642757660167,417.3170891364903,843.4013440111421,299.8370682451253,559.3451740947075,143.78151810584959,215.67227715877442,3107.083537604457,5144.572855153204,8251.65639275766,294.5767688022285,277.0424373259053,892.4974721448468,231.45317548746516,583.8932381615599,391.0155919220056,327.8919986072424,1376.445020891365,194.63107938718662,282.3027367688023,312.11110027855153,187.61734679665744,135.01435236768805,180.60361420612813,548.8245752089136
1994,midwest,Iowa,43.8358286908078,80.65792479108636,1134.4712465181058,450.6323189415042,357.70036211699164,722.4144568245125,271.78213788300843,471.6735167130919,117.48002089136492,108.71285515320335,2917.7127576601674,4448.459895543177,7366.1726532033435,198.1379456824513,210.4119777158774,703.1266922005573,213.91884401114208,625.9756337047354,410.303356545961,257.7546727019499,1418.5274164345403,166.5761490250696,256.0012395543175,199.89137883008357,166.5761490250696,126.24718662952648,184.11048050139283,431.34455431754884
1994,south,Florida,54.356427576601675,63.12359331476324,1315.074860724234,438.358286908078,420.8239554317548,704.8801253481895,266.52183844011137,475.1803830083566,145.5349512534819,150.79525069637884,2863.356330083565,4590.4879805013925,7453.844310584958,217.42571030640667,206.90511142061283,708.3869916434539,213.91884401114208,603.1810027855154,398.0293245125348,261.26153899721453,1386.9656197771592,152.54868384401115,298.08363509749296,238.46690807799442,143.78151810584959,140.27465181058494,177.09674791086348,459.39948467966576
1994,west,California,63.12359331476324,113.97315459610027,1236.1703690807801,462.9063509749303,389.26215877437335,773.2640181058498,310.35766713091925,548.8245752089136,150.79525069637884,168.32958217270198,3115.8507033426185,5018.3256685236765,8134.176371866295,257.7546727019499,263.01497214484687,811.8395473537605,240.22034122562684,743.4556545961003,440.11172005571035,308.60423398328686,1648.2271587743735,152.54868384401115,243.72720752089137,220.9325766016713,166.5761490250696,124.49375348189415,199.89137883008357,541.8108426183844
1994,All,,52.60299442896935,80.65792479108636,1283.5130640668526,468.1666504178273,398.0293245125348,752.2228203342619,284.05616991643456,506.7421796657382,138.52121866295266,156.05555013927574,2977.329484679666,4755.310696378831,7734.3936142061275,236.71347493036214,233.2066086350975,766.2502855153202,222.6860097493036,634.7427994428971,408.5499233983287,284.05616991643456,1446.5823467966575,164.8227158774373,273.53557103064065,240.22034122562684,163.06928272980502,133.26091922005568,184.11048050139283,487.45441504178274
1993,northeast,New York,55.754164285714296,86.32902857142858,1534.138778571429,577.3253785714286,455.02592142857145,879.4769785714287,302.1516000000001,595.3105928571429,143.8817142857143,214.02405,3107.8450285714284,5366.787942857143,8474.632971428571,271.57673571428575,276.9723,902.8577571428572,230.21074285714286,636.6765857142857,401.0702785714285,365.09985,1455.0038357142855,212.22552857142855,275.17377857142856,321.9353357142857,203.23292142857144,151.07580000000004,187.04622857142857,564.7357285714286
1993,midwest,Iowa,44.963035714285716,73.73937857142856,1214.0019642857142,471.2126142857143,399.2717571428572,737.3937857142857,266.1811714285714,508.98156428571434,131.29206428571428,113.30685,2911.806192857143,4602.416335714286,7514.222528571429,197.83735714285717,224.81517857142856,710.4159642857143,232.0092642857143,627.6839785714286,408.26436428571435,276.9723,1431.623057142857,172.65805714285716,280.56934285714283,201.4344,158.26988571428572,129.49354285714287,192.44179285714287,449.6303571428571
1993,south,Florida,55.754164285714296,70.14233571428571,1291.3383857142858,435.24218571428565,422.65253571428576,715.8115285714285,280.56934285714283,476.6081785714286,140.28467142857141,151.07580000000004,2942.381057142857,4611.4089428571415,7553.790000000001,219.4196142857143,215.82257142857142,731.9982214285715,217.62109285714286,604.3032000000002,393.8761928571429,258.98708571428574,1395.6526285714287,152.87432142857142,294.9575142857143,212.22552857142855,149.27727857142858,147.47875714285715,185.24770714285717,386.6821071428572
1993,west,California,61.14972857142857,111.50832857142859,1287.7413428571429,530.5638214285714,410.06288571428576,845.3050714285715,314.7412500000001,584.5194642857142,147.47875714285715,163.66545,3057.486428571429,5368.586464285714,8427.871414285715,280.56934285714283,294.9575142857143,910.0518428571428,248.19595714285717,802.140557142857,419.0554928571429,336.3235071428572,1742.7672642857144,179.85214285714287,242.80039285714287,232.0092642857143,196.03883571428574,138.48615,260.78560714285715,600.7061571428573
1993,All,,53.955642857142855,82.73198571428574,1320.1147285714287,492.79487142857147,420.85401428571436,780.5583,287.7634285714286,530.5638214285714,140.28467142857141,156.47136428571432,2992.739657142857,4918.956107142857,7911.695764285715,237.40482857142857,246.39743571428573,798.5435142857143,230.21074285714286,656.4603214285714,404.66732142857137,300.3530785714286,1487.3772214285714,176.2551,276.9723,235.60630714285716,172.65805714285716,142.08319285714288,203.23292142857144,482.00374285714287
1992,northeast,New York,51.34890021849963,82.52501820830298,1439.6030954115076,553.834566642389,405.2895338674435,828.9179606700653,273.24950473415873,608.8512454479243,139.37558630735614,196.2261544064093,3091.9373488710853,5204.57781500364,8296.515163874727,280.5850619082301,264.08005826656955,896.7718645302257,258.578390386016,652.8645884923525,381.4489730517117,350.27285506190816,1432.2675382374362,188.89059723233794,282.41895120174803,311.76117989803345,210.89726875455204,141.20947560087401,177.8872614712309,629.0240276766204
1992,midwest,Iowa,40.34556445739257,64.18612527312455,1173.6891478514203,487.8145520757465,370.44563729060445,742.7251638747267,254.91061179898034,553.834566642389,121.0366933721777,102.69780043699926,2952.561762563729,4685.587144938091,7638.14890750182,192.5583758193736,210.89726875455204,707.8812672978877,247.57505462490892,724.3862709395484,401.62175528040797,306.25951201747995,1505.62310997815,176.05337217771302,293.4222869628551,190.72448652585575,176.05337217771302,128.3722505462491,196.2261544064093,531.8278951201747
1992,south,Florida,55.016678805535314,66.02001456664239,1228.7058266569557,456.63843408594323,383.2828623452293,700.5457101238163,243.90727603787326,495.1501092498179,132.04002913328478,124.70447195921336,2842.5284049526585,4544.3776693372165,7386.9060742898755,210.89726875455204,205.39560087399846,722.5523816460304,229.2361616897305,649.1968099053169,375.947305171158,265.91394756008737,1399.257530954115,159.54836853605244,297.09006554989065,210.89726875455204,166.8839257101238,139.37558630735614,176.05337217771302,458.472323379461
1992,west,California,56.85056809905317,113.70113619810634,1236.0413838310271,506.1534450109249,388.7845302257829,775.7351711580479,269.5817261471231,588.6784632192279,141.20947560087401,154.0467006554989,3172.6284777858696,5169.733918426803,8342.362396212673,265.91394756008737,276.9172833211945,871.097414420976,256.7445010924982,827.0840713765477,408.9573124544792,333.7678514202476,1698.1814857975235,168.71781500364162,260.41227967953387,205.39560087399846,192.5583758193736,133.87391842680262,205.39560087399846,651.0306991988346
1992,All,,51.34890021849963,78.8572396212673,1259.8819446467587,495.1501092498179,385.11675163874725,753.7284996358339,258.578390386016,553.834566642389,132.04002913328478,141.20947560087401,2991.073437727604,4846.969402767661,7836.2089512017465,232.90394027676618,232.90394027676618,784.9046176256372,245.7411653313911,704.2134887108521,390.61841951930086,308.0934013109978,1492.7858849235254,172.3855935906773,286.08672978878366,225.5683831026948,183.3889293517844,135.70780772032046,187.05670793882007,552.000677348871
1991,northeast,New York,57.733602071005926,78.21971893491127,1422.8539349112427,549.4004068047336,435.7955769230769,810.1328032544378,262.5947707100592,562.437026627219,126.64144970414202,180.65030325443792,3413.7320192307698,4978.126397928994,8391.858417159763,253.28289940828404,258.8700221893492,830.6189201183432,242.10865384615383,588.5102662721894,389.2362204142012,318.4659985207101,1352.0837130177515,217.89778846153845,247.6957766272189,283.0808875739645,195.5492973372781,122.91670118343195,169.47605769230768,661.1428624260355
1991,midwest,Iowa,46.559356508875744,78.21971893491127,1119.2869304733729,463.7311908284024,370.6124778106509,730.0507100591717,266.31951923076923,523.3271671597633,124.77907544378701,100.5682100591716,2834.5336242603553,4573.991183431953,7406.662433431954,195.5492973372781,219.76016272189355,707.7022189349112,234.65915680473373,707.7022189349112,398.5480917159764,288.66801035502965,1491.7617825443788,178.78792899408282,242.10865384615383,180.65030325443792,167.6136834319527,126.64144970414202,180.65030325443792,486.07968195266267
1991,south,Florida,57.733602071005926,68.9078476331361,1383.7440754437869,437.65795118343203,452.5569452662722,700.2527218934912,262.5947707100592,510.2905473372782,130.3661982248521,156.4394378698225,2797.286139053255,4821.686960059173,7618.973099112427,230.9344082840237,216.03541420118347,759.8486982248523,227.2096597633136,672.3171079881657,417.1718343195266,281.2185133136095,1469.4132914201184,186.23742603550298,309.15412721893495,219.76016272189355,165.75130917159763,147.12756656804734,182.5126775147929,465.5935650887574
1991,west,California,70.77022189349113,96.84346153846157,1359.5332100591718,514.0152958579882,437.65795118343203,811.9951775147929,297.9798816568048,623.895377218935,154.57706360946747,173.20080621301776,3205.1461020710058,5538.701050295858,8743.847152366865,279.3561390532545,327.77786982248523,947.94849852071,268.1818934911243,843.6555399408286,471.18068786982246,357.57585798816564,1795.3287869822489,182.5126775147929,255.1452736686391,240.24627958579885,204.86116863905326,135.95332100591716,227.2096597633136,666.7299852071006
1991,All,,57.733602071005926,78.21971893491127,1320.423350591716,482.35493343195265,424.6213313609468,752.3992011834322,270.0442677514793,547.5380325443788,134.09094674556215,150.8523150887574,3017.046301775148,4937.154164201184,7954.200465976331,236.5215310650888,247.6957766272189,798.9585576923077,240.24627958579885,698.3903476331361,417.1718343195266,307.29175295857993,1517.8350221893493,189.96217455621303,268.1818934911243,227.2096597633136,180.65030325443792,134.09094674556215,188.099800295858,553.1251553254439
1990,northeast,New York,64.21305255023185,62.26720247295209,1461.3334080370942,535.1087712519318,439.76211746522415,791.9609814528592,256.8522102009273,609.0510741885627,118.69685471406493,217.9352086553323,3938.400556414219,5057.264350850077,8995.664907264298,249.06880989180837,264.6356105100463,863.9574343122102,295.7692117465224,564.2965224111282,414.4660664605873,313.28186244204016,1330.9614528593506,215.98935857805256,252.96051004636783,270.4731607418856,212.09765842349304,140.10120556414222,173.18065687789797,646.0222256568777
1990,midwest,Iowa,46.700401854714066,54.483802163833076,1149.9973956723336,443.6538176197837,383.33246522411133,675.2099768160742,231.55615919629054,544.8380216383308,126.48025502318391,118.69685471406493,3325.457782071097,4500.751228748069,7826.209010819165,196.530857805255,235.4478593508501,723.8562287480679,256.8522102009273,655.7514760432767,395.00756568778985,287.98581143740336,1406.849605873261,190.69330757341572,252.96051004636783,159.55970633693974,171.23480680061826,120.64270479134468,177.07235703245752,570.1340726429676
1990,south,Florida,56.42965224111283,56.42965224111283,1274.531800618238,424.19531684698615,414.4660664605873,671.3182766615147,247.12295981452857,527.325370942813,140.10120556414222,140.10120556414222,3300.161731066461,4633.069034003092,7933.230765069551,214.04350850077282,221.82690880989185,739.423029366306,252.96051004636783,638.238825347759,402.7909659969088,274.36486089644507,1420.4705564142193,182.90990726429675,276.3107109737249,204.314258114374,157.61385625965997,145.93875579598145,180.96405718701698,484.5166692426584
1990,west,California,68.10475270479135,110.91345440494592,1362.095054095827,490.35421947449765,468.94986862442045,762.773230293663,270.4731607418856,655.7514760432767,142.0470556414219,182.90990726429675,3714.6277975270477,5349.141862442039,9063.769659969088,280.20241112828444,282.1482612055641,893.1451854714065,301.60676197836165,762.773230293663,455.32891808346216,354.14471406491504,1675.3769165378671,186.80160741885624,237.39370942812985,215.98935857805256,196.530857805255,134.2636553323029,204.314258114374,638.238825347759
1990,All,,58.375502318392584,68.10475270479135,1299.827851622875,467.0040185471407,424.19531684698615,716.0728284389489,251.0146599690881,574.025772797527,132.31780525502316,159.55970633693974,3523.9344899536322,4835.437442040186,8359.371931993817,229.61030911901082,247.12295981452857,793.9068315301391,272.4190108191654,653.8056259659969,414.4660664605873,301.60676197836165,1451.6041576506955,192.63915765069552,256.8522102009273,210.15180834621327,180.96405718701698,136.2095054095827,182.90990726429675,570.1340726429676
1989,northeast,New York,68.38822222222223,58.026370370370365,1359.474962962963,536.743925925926,426.9082962962962,814.4415555555556,279.77,654.8690370370372,105.69088888888888,180.29622222222224,4084.642,5077.3074074074075,9159.877037037037,288.0594814814815,273.5528888888889,891.1192592592591,312.92792592592593,557.4676296296296,468.3557037037037,341.9411111111111,1355.3302222222223,190.6580740740741,234.17785185185184,261.1186666666667,203.0922962962963,126.41459259259258,165.78962962962964,630.0005925925926
1989,midwest,Iowa,55.95399999999999,64.24348148148148,1143.9484444444445,449.7043703703704,383.3885185185186,704.6059259259259,256.9739259259259,605.1321481481481,113.98037037037035,105.69088888888888,3502.3059259259253,4642.109629629629,8144.415555555555,219.6712592592593,236.25022222222225,770.9217777777777,296.34896296296296,630.0005925925926,422.7635555555556,310.8555555555556,1415.428962962963,186.5133333333333,250.7568148148148,161.64488888888891,176.15148148148148,136.77644444444445,182.3685925925926,569.9018518518517
1989,south,Florida,68.38822222222223,55.95399999999999,1218.5537777777781,433.12540740740735,399.96748148148146,679.7374814814815,246.6120740740741,571.9742222222222,122.26985185185184,136.77644444444445,3355.16762962963,4652.4714814814815,8009.711481481482,248.68444444444444,232.10548148148143,783.3560000000001,288.0594814814815,613.4216296296297,437.27014814814817,285.9871111111111,1396.7776296296295,178.2238518518519,246.6120740740741,188.5857037037037,157.50014814814816,145.06592592592594,167.862,480.78992592592596
1989,west,California,84.96718518518519,109.83562962962965,1396.7776296296295,501.5136296296296,484.93466666666666,822.731037037037,321.2174074074074,729.4743703703704,147.13829629629632,178.2238518518519,3873.260222222223,5705.23562962963,9578.495851851852,317.07266666666663,319.14503703703707,994.7377777777778,341.9411111111111,835.1652592592592,470.4280740740741,387.53325925925935,1761.514814814815,188.5857037037037,225.8883703703704,234.17785185185184,221.74362962962962,136.77644444444445,198.94755555555562,746.0533333333333
1989,All,,68.38822222222223,68.38822222222223,1266.2182962962966,472.5004444444445,418.6188148148148,743.980962962963,271.48051851851847,630.0005925925926,122.26985185185184,147.13829629629632,3651.5165925925926,4952.965185185185,8604.481777777779,263.191037037037,261.1186666666667,845.5271111111111,306.7108148148148,650.7242962962964,447.63199999999995,325.3621481481482,1467.2382222222227,184.44096296296294,240.39496296296295,207.23703703703706,184.44096296296294,136.77644444444445,178.2238518518519,588.5531851851853
1988,northeast,New York,63.166064013840845,69.70048442906575,1319.9529238754324,503.15037197231834,411.6684861591696,742.7457871972317,241.77355536332183,603.3448183391005,108.90700692041523,182.9637716262976,3879.2675865051897,4818.045986159171,8697.313572664361,259.1986764705883,274.4456574394464,866.8997750865053,283.15821799307963,505.3285121107267,439.9843079584775,320.18660034602084,1285.1026816608994,209.10145328719727,219.99215397923882,233.0609948096886,211.27959342560555,121.97584775086506,161.18237024221457,592.4541176470589
1988,midwest,Iowa,47.9190830449827,65.34420415224913,1152.2361332179933,439.9843079584775,400.77778546712807,662.1546020761245,224.34843425605538,583.7415570934256,113.26328719723185,106.72886678200693,3434.926998269896,4539.244048442906,7971.9929065743945,213.45773356401386,261.37681660899653,773.2397491349483,280.9800778546713,594.6322577854671,429.093607266436,302.7614792387543,1365.693866782007,187.3200519031142,257.02053633218,150.29166955017303,176.42935121107269,124.15398788927335,165.53865051903114,594.6322577854671
1988,south,Florida,60.98792387543253,45.7409429065744,1174.0175346020762,396.42150519031145,389.8870847750865,625.1262197231836,228.704714532872,575.0289965397924,119.79770761245676,130.68840830449827,3297.7041695501725,4441.2277422145335,7738.931911764706,233.0609948096886,235.23913494809693,764.5271885813148,294.0489186851211,557.603875432526,418.20290657439455,280.9800778546713,1302.527802768166,154.64794982698965,259.1986764705883,178.60749134948102,167.71679065743947,128.51026816609,161.18237024221457,498.7940916955018
1988,west,California,69.70048442906575,95.8381660899654,1178.3738148788927,457.409429065744,389.8870847750865,727.4988062283737,270.08937716262983,644.7294809688583,135.04468858131492,159.00423010380624,3578.684247404845,4970.515795847751,8547.021903114188,267.9112370242214,298.40519896193774,884.3248961937718,309.2958996539793,651.263901384083,453.0531487889274,335.43358131487895,1535.5887975778546,176.42935121107269,204.74517301038063,180.78563148788928,198.21075259515567,119.79770761245676,200.38889273356403,710.0736851211071
1988,All,,60.98792387543253,65.34420415224913,1200.1552162629755,442.1624480968858,396.42150519031145,679.579723183391,237.4172750865052,596.8103979238755,119.79770761245676,141.57910899653982,3511.161903114187,4652.507335640139,8163.669238754325,239.5954152249135,263.55495674740484,812.4462716262976,291.8707785467128,575.0289965397924,433.44988754325266,307.117759515571,1361.3375865051905,178.60749134948102,239.5954152249135,182.9637716262976,185.14191176470592,124.15398788927335,169.89493079584776,585.9196972318339
1987,northeast,New York,67.50482573726539,56.25402144772118,1460.3543967828418,488.2849061662198,454.5324932975871,735.8026005361929,247.51769436997319,650.2964879356567,99.00707774798927,202.51447721179628,3859.025871313673,4963.854852546917,8822.880723860591,265.518981233244,279.01994638069704,870.8122520107237,308.2720375335121,492.78522788203753,436.5312064343164,342.02445040214474,1192.585254691689,207.01479892761398,258.76849865951743,267.76914209115284,202.51447721179628,123.75884718498659,164.2617426273458,769.5550134048258
1987,midwest,Iowa,51.753699731903495,74.25530831099195,1206.086219839142,425.2804021447721,418.5299195710455,639.0456836461126,216.0154423592493,585.0418230563002,112.50804289544236,119.25852546916892,3336.988552278821,4444.067694369973,7781.056246648794,207.01479892761398,231.7665683646113,713.3009919571045,279.01994638069704,551.2894101876676,405.02895442359255,306.02187667560315,1226.3376675603215,209.2649597855228,256.5183378016086,150.76077747989274,157.5112600536193,117.00836461126005,155.26109919571044,564.7903753351206
1987,south,Florida,63.004504021447715,54.00386058981235,1212.8367024128686,384.7775067024129,393.77815013404825,609.7935924932976,222.76592493297588,558.0398927613941,112.50804289544236,121.50868632707773,3343.7390348525464,4403.564798927614,7747.303833780161,231.7665683646113,222.76592493297588,729.0521179624665,283.5202680965148,531.0379624664879,438.7813672922252,276.7697855227882,1237.5884718498658,159.76142091152815,285.77042895442355,189.0135120643432,150.76077747989274,123.75884718498659,157.5112600536193,549.0392493297587
1987,west,California,76.50546916890079,105.7575603217158,1332.0952278820375,486.0347453083109,481.5344235924933,749.3035656836461,263.2688203753351,724.5517962466487,132.75949061662195,173.26238605898124,3690.263806970509,5353.132680965147,9043.396487935655,310.5221983914209,303.77171581769437,954.0682037533513,335.2739678284182,681.7987399463806,472.5337801608579,389.2778284182305,1487.3563270777481,186.76335120643432,222.76592493297588,191.263672922252,207.01479892761398,132.75949061662195,200.2643163538874,801.0572654155496
1987,All,,63.004504021447715,69.75498659517426,1287.0920107238605,436.5312064343164,429.7807238605898,672.7980965147452,234.0167292225201,616.5440750670242,114.75820375335121,148.5106166219839,3521.5017426273457,4723.08764075067,8244.589383378016,247.51769436997319,254.26817694369973,801.0572654155496,297.0212332439678,558.0398927613941,436.5312064343164,319.5228418230563,1275.8412064343165,186.76335120643432,261.0186595174263,195.76399463806968,175.5125469168901,123.75884718498659,166.5119034852547,650.2964879356567
1986,northeast,New York,81.97911627906977,65.58329302325579,1520.1270418604654,489.5324372093023,487.1901767441861,709.7049209302327,220.17248372093024,655.8329302325582,110.08624186046512,194.4076186046512,3787.4351720930244,5127.208158139535,8914.643330232559,257.64865116279066,276.3867348837209,864.294111627907,309.1783813953488,536.3776465116281,475.4788744186047,344.31228837209306,1311.6658604651163,215.48796279069768,274.04447441860464,262.33317209302317,206.11892093023255,124.13980465116279,187.38083720930237,754.2078697674418
1986,midwest,Iowa,58.55651162790698,67.9255534883721,1215.6331813953489,423.9491441860466,421.60688372093017,641.7793674418605,217.83022325581402,564.4847720930233,117.11302325581396,103.05946046511627,3309.6140372093023,4445.610362790699,7752.882139534884,178.0117953488372,222.5147441860465,674.5710139534884,274.04447441860464,538.7199069767441,442.6872279069768,290.4402976744186,1278.8742139534884,199.0921395348837,274.04447441860464,161.61597209302323,149.90466976744187,121.79754418604652,180.35405581395352,592.5918976744186
1986,south,Florida,65.58329302325579,60.89877209302326,1236.7135255813953,367.73489302325584,409.89558139534887,564.4847720930233,196.74987906976745,510.6127813953489,121.79754418604652,140.53562790697674,3115.2064186046514,4244.175962790699,7359.3823813953495,189.7230976744186,194.4076186046512,665.2019720930232,267.01769302325584,503.586,433.3181860465117,243.59508837209304,1208.6064,166.30049302325585,271.7022139534884,182.69631627906972,152.24693023255813,128.82432558139536,149.90466976744187,494.21695813953494
1986,west,California,79.63685581395349,103.05946046511627,1358.511069767442,466.1098325581395,475.4788744186047,709.7049209302327,243.59508837209304,672.2287534883721,133.50884651162792,170.98501395348836,3616.450158139535,5159.999804651164,8776.449962790699,262.33317209302317,290.4402976744186,857.2673302325583,311.5206418604651,667.5442325581397,470.7943534883721,360.70811162790704,1456.8860093023254,163.95823255813954,264.6754325581396,203.77666046511632,175.66953488372096,128.82432558139536,187.38083720930237,791.6840372093022
1986,All,,70.26781395348837,72.61007441860465,1316.350381395349,428.63366511627913,442.6872279069768,644.1216279069768,217.83022325581402,587.9073767441861,119.45528372093024,149.90466976744187,3407.988976744186,4668.125106976744,8076.1140837209305,215.48796279069768,238.91056744186048,749.5233488372094,285.75577674418605,552.7734697674418,452.0562697674418,299.80933953488375,1297.6122976744184,185.0385767441861,271.7022139534884,199.0921395348837,168.6427534883721,126.48206511627909,173.32727441860462,634.7525860465117
1985,northeast,New York,79.51357894736842,67.46606698564592,1558.94804784689,534.9095311004785,481.90047846889956,746.9457416267943,212.03621052631576,749.3552440191388,134.93213397129185,202.39820095693784,3744.366717703349,5332.228794258374,9076.595511961723,267.45476555023924,277.0927751196172,905.9728995215312,356.6063540669857,513.2240095693779,469.852966507177,395.15839234449766,1303.5407942583736,240.95023923444973,296.36879425837316,260.22625837320567,231.31222966507175,130.11312918660286,183.12218181818184,819.2308133971292
1985,midwest,Iowa,65.05656459330143,65.05656459330143,1337.273827751196,462.6244593301437,457.80545454545455,681.889177033493,219.26471770334928,595.1470909090909,139.75113875598086,127.70362679425837,3366.074842105263,4729.853196172248,8095.928038277511,192.76019138755984,209.62670813397133,703.5746985645932,308.4163062200957,585.5090813397129,428.89142583732064,286.73078468899524,1346.9118373205745,224.08372248803826,310.8258086124402,149.38914832535886,178.30317703349286,125.29412440191388,192.76019138755984,703.5746985645932
1985,south,Florida,72.28507177033492,50.59955023923446,1325.2263157894736,421.6629186602871,445.75794258373213,626.4706220095694,204.8077033492823,571.052066985646,139.75113875598086,142.16064114832537,3110.667588516747,4597.330564593302,7705.588650717703,207.21720574162683,202.39820095693784,715.6222105263157,281.9117799043063,542.138038277512,450.5769473684211,289.1402870813397,1308.3597990430624,173.48417224880382,289.1402870813397,199.9886985645933,168.6651674641149,137.34163636363638,175.8936746411483,604.785100478469
1985,west,California,74.69457416267943,118.06561722488037,1407.1493971291864,479.4909760765551,496.35749282296655,701.1651961722488,224.08372248803826,705.9842009569377,146.97964593301438,163.84616267942582,3927.488899521532,5199.706162679427,9127.195062200955,255.4072535885168,262.63576076555023,831.2783253588518,337.33033492822966,633.6991291866028,460.2149569377992,366.2443636363636,1438.4729282296648,197.57919617224883,274.6832727272728,199.9886985645933,187.94118660287083,125.29412440191388,197.57919617224883,920.429913875598
1985,All,,72.28507177033492,69.87556937799043,1395.1018851674644,467.44346411483264,467.44346411483264,681.889177033493,214.44571291866032,640.9276363636362,139.75113875598086,156.61765550239238,3472.092947368421,4908.156373205742,8377.83981818182,226.4932248803828,231.31222966507175,775.8597703349283,315.64481339712916,563.8235598086126,450.5769473684211,325.2828229665072,1342.0928325358852,207.21720574162683,293.95929186602865,199.9886985645933,187.94118660287083,130.11312918660286,185.53168421052632,737.3077320574163
1984,northeast,New York,93.89729146221785,71.65845927379785,1616.0218056918548,511.49314033366034,526.3190284592738,704.2296859666341,192.73654563297347,684.4618351324829,123.54906771344454,212.50439646712462,3454.4319332679097,5161.880049067714,8616.311982335623,259.4530421982336,271.80794896957804,892.0242688910696,323.69855740922475,471.9574386653582,432.4217369970559,360.76327772325806,1193.4839941118746,242.1561727183513,291.5757998037291,249.569116781158,214.97537782139355,145.78789990186456,168.02673209028458,686.9328164867518
1984,midwest,Iowa,79.07140333660452,71.65845927379785,1398.5754465161926,454.660569185476,486.7833267909715,677.0488910696763,219.9173405299313,602.9194504416092,138.3749558390579,108.72317958783121,3145.559263984298,4848.065417075564,7991.153699705595,207.56243375858685,224.8593032384691,731.4104808635917,303.9307065750736,585.6225809617272,444.77664376840033,298.9887438665358,1363.981707556428,234.7432286555446,318.75659470068695,170.49771344455348,163.0847693817468,135.90397448478902,192.73654563297347,600.4484690873404
1984,south,Florida,88.95532875368008,56.8325711481845,1420.8142787046124,390.4150539744848,484.3123454367026,593.0355250245339,202.6204710500491,558.4417860647693,135.90397448478902,187.7945829244357,3009.6552894995093,4524.366859666339,7534.022149165849,200.14948969578015,182.85262021589799,672.1069283611382,303.9307065750736,499.138233562316,417.59584887144257,254.51107948969573,1220.664789008832,160.6137880274779,284.16285574092245,214.97537782139355,150.72986261040234,140.84593719332682,168.02673209028458,630.1002453385672
1984,west,California,91.42631010794895,103.78121687929342,1363.981707556428,425.00879293424924,476.899401373896,642.4551521099116,217.44635917566242,709.1716486751718,150.72986261040234,143.3169185475957,3652.110441609421,5164.351030421982,8818.932453385672,264.3950049067714,276.7499116781158,882.140343473994,343.46640824337584,622.6873012757605,484.3123454367026,363.234259077527,1467.762924435721,172.96869479882236,269.3369676153091,210.0334151128557,205.09145240431798,133.43299313052015,210.0334151128557,872.2564180569185
1984,All,,86.48434739941118,74.12944062806673,1447.9950736015699,439.8346810598626,491.7252894995093,647.3971148184495,207.56243375858685,625.1582826300294,138.3749558390579,165.55575073601568,3261.6953876349357,4867.833267909717,8129.528655544651,227.330284592738,229.80126594700687,773.4171638861628,316.28561334641813,538.6739352306182,439.8346810598626,308.8726692836113,1299.7361923454366,200.14948969578015,294.04678115799805,210.0334151128557,177.91065750736016,138.3749558390579,182.85262021589799,679.519872423945
2018,northeast,New York,63.0,59.0,1063.0,465.0,245.0,662.0,197.0,509.0,123.0,226.0,3557.0,4845.0,8401.0,338.0,376.0,987.0,164.0,850.0,420.0,345.0,1624.0,157.0,161.0,212.0,125.0,148.0,171.0,647.0
2018,midwest,Iowa,51.0,57.0,892.0,368.0,254.0,534.0,166.0,450.0,112.0,128.0,3255.0,4255.0,7511.0,246.0,291.0,772.0,143.0,876.0,415.0,307.0,1607.0,131.0,179.0,149.0,97.0,139.0,148.0,606.0
2018,south,Florida,60.0,49.0,926.0,360.0,251.0,523.0,163.0,385.0,118.0,133.0,3224.0,4127.0,7351.0,247.0,274.0,769.0,126.0,783.0,442.0,259.0,1524.0,120.0,186.0,177.0,107.0,142.0,133.0,500.0
2018,west,California,84.0,66.0,1004.0,411.00000000000006,264.0,609.0,199.0,512.0,120.0,156.0,3975.0,4938.0,8913.0,334.0,372.0,988.0,171.0,1007.0,466.0,341.0,1825.0,123.0,186.0,191.0,134.0,148.0,167.0,653.0
2018,All,,64.0,55.99999999999999,961.0,392.0,253.0,569.0,178.0,449.0,118.0,154.0,3458.9999999999995,4464.0,7923.0,283.00000000000006,318.0,858.0,147.0,865.0,438.0,303.0,1627.0,129.0,180.0,180.0,114.0,144.0,151.0,583.0
2017,northeast,New York,59.96232926474862,65.04388259226968,1043.7510534728276,445.1440714908457,277.4528116826504,639.2594086021505,194.11533711130485,504.0900900900901,134.15300784655622,178.87067712874162,3406.673350770125,4783.774302528335,8190.447653298459,337.415140947399,353.6761115954665,967.5277535600115,169.72388113920377,852.6846483580355,424.81785818076133,333.3498982853821,1629.1459968032548,156.51184248764898,163.62601714617844,208.34368642836384,129.07145451903514,147.365046498111,152.4465998256321,563.0361086893347
2017,midwest,Iowa,45.73397994768962,56.91339726823598,851.6683376925313,369.9370822435338,230.7025210694565,538.6446527172334,168.7075704736995,457.3397994768963,116.8757265329846,113.82679453647197,3200.3622856727693,4166.873728567277,7367.236014240047,238.8330063934903,281.51805434466735,753.0862031386224,139.2345611740773,811.0159110723628,420.7526155187445,318.10523830281886,1565.1184248764896,144.31611450159838,170.7401918047079,147.365046498111,103.66368788142981,129.07145451903514,159.56077448416158,553.8893126997965
2017,south,Florida,51.831843940714904,42.685047951176976,920.7774629468178,367.9044609125255,248.9961130485324,524.4163034001743,156.51184248764898,397.37747021214767,108.74524120895089,133.13669718105206,3180.036072362685,4053.046934030805,7233.083006393491,234.76776373147342,275.420190351642,748.0046498111013,138.21825050857308,746.9883391455973,424.81785818076133,260.17553036907873,1461.4547369950594,111.79417320546352,188.0174731182796,184.9685411217669,99.59844521941295,138.21825050857308,138.21825050857308,461.40504213891313
2017,west,California,70.12543591979076,74.19067858180759,1062.0446454519038,421.7689261842488,282.53436501017137,638.2430979366462,215.4578610868933,522.3836820691661,125.0062118570183,156.51184248764898,4060.161108689335,5068.341288869515,9128.50239755885,346.56193693693695,403.4753342051729,1025.457461493752,161.59339581517,1004.1149375181633,450.2256248183667,359.77397558849174,1820.2124019180471,126.02252252252251,206.31106509735542,221.55572507991863,135.16931851206044,140.25087183958152,167.6912598081953,766.2982417901773
2017,All,,55.89708660273176,56.91339726823598,959.3972682359779,394.3285382156351,257.1265983725661,573.1992153443766,178.87067712874162,457.3397994768963,118.908347863993,142.28349317058996,3419.8853894216804,4434.163433594886,7855.065133682069,278.4691223481546,319.12154896832317,850.652027027027,149.39766782911948,837.4399883754722,429.89941150828247,307.9421316477768,1593.5751235106072,130.08776518453936,183.95223045626275,189.03378378378375,113.82679453647197,138.21825050857308,152.4465998256321,567.1013513513514
2016,northeast,New York,52.82214350839539,60.94862712507161,940.640478630272,375.84986727127495,237.69964578777927,566.8222322631659,190.97236499189103,446.95659891719185,123.92887515431228,140.18184238766472,3079.937290720285,4192.249735752842,7272.187026473128,280.36368477532943,309.8221878857807,842.1068647780728,147.29251555225642,670.4348983757877,401.2451285733881,300.67989381701994,1394.7077507120553,146.27670510017188,178.78263956687672,184.8775022793839,117.83401244180513,133.071169223073,138.15022148349564,575.9645263319268
2016,midwest,Iowa,47.74309124797278,44.69565989171918,831.9487602572275,366.7075732025142,249.88937121279358,533.3004873443766,166.59291414186242,424.60876897133215,104.62847656470626,100.56523475636816,3159.1705059828782,4014.48290663805,7173.653412620928,232.62059352735665,280.36368477532943,749.6681136383808,137.13441103141113,769.9843226800714,383.9763508879511,287.4743579399211,1474.9567764267329,129.0079274147349,163.54548278560884,142.21346329183373,100.56523475636816,137.13441103141113,170.6561559502005,497.74712152141814
2016,south,Florida,55.86957486464898,43.679849439634644,876.6444201489467,334.20163873580935,238.7154562398638,492.6680692609955,158.46643052518618,367.7233836545988,108.69171837304438,125.96049605848135,2977.3404350597484,3856.016476112864,6833.356911172612,224.49410991068044,258.0158548294698,722.2412314320987,132.05535877098848,699.893401486239,407.33999128589534,235.66802488361026,1396.7393716162244,106.6600974688753,173.7035873064541,176.75101866270768,104.62847656470626,135.10279012724206,137.13441103141113,394.13445540879644
2016,west,California,71.10673164591687,85.32807797510027,987.36775942616,376.8656777233595,268.1739593503151,572.9170949756732,197.06722770439822,466.2569975067978,119.86563334597416,163.54548278560884,3727.0085486981293,4575.210276188709,8302.218824886839,317.94867150245693,349.43879551707715,923.3717009448347,155.4189991689326,860.3914529155942,398.1976972171345,310.8379983378652,1625.2967233352426,122.91306470222776,170.6561559502005,190.97236499189103,123.92887515431228,133.071169223073,161.51386188143974,585.1068204006875
2016,All,,56.885385316733505,55.86957486464898,904.0713023552287,358.581089585838,247.85775030862453,532.284676892292,174.71939775853858,416.48228535465597,112.75496018138249,132.05535877098848,3203.8661658745978,4113.0165204902505,7316.882686364847,258.0158548294698,292.55341020034376,795.3795839821845,141.19765283974922,745.6048718300427,399.21350766921904,275.28463251490683,1464.7986719058874,121.89725425014322,171.67196640228502,174.71939775853858,110.72333927721344,135.10279012724206,150.33994690850997,491.65225880891103
2015,northeast,New York,62.49643153594504,53.275646555231845,900.563333116323,356.53701925424394,212.07805455640369,555.2961621718397,198.7591429175957,436.4504890870917,116.79660975570059,138.31177471069807,3015.1966886932178,4035.630226558813,7050.82691525203,279.69714441496717,314.5312210087726,843.1895599029962,147.53255969141128,648.5285436434954,353.4634242606729,288.9179293956804,1299.1061506160386,141.38536970426912,156.75334467212446,189.5383579368825,123.96833140736643,126.0173947364138,127.04192640093748,575.7867954623134
2015,midwest,Iowa,59.42283654237399,52.25111489070816,969.2069546394102,366.7823358994808,309.4085626861542,546.0753771911264,179.29304129164564,449.7694007258997,110.64941976855845,115.77207809117691,3010.0740303705993,4253.855471102359,7263.929501472958,242.8140044921144,293.0160560537751,775.5704700444328,146.50802802688756,816.5517366253805,376.003120880194,303.26137269901204,1514.2578001660129,137.28724304617438,177.24397796259828,170.07225631093246,104.50222978141632,134.2136480526033,158.80240800117184,535.8300605458895
2015,south,Florida,64.54549486499243,40.98126658094758,890.3180164710859,335.02185429924634,244.86306782116176,492.7997306358946,158.80240800117184,373.9540575511466,111.67395143308217,118.84567308474794,2927.086965544181,3848.140931950977,6775.227897495158,217.20071287902215,246.91213115020915,706.9268485213458,132.16458472355595,690.5343418889667,395.4692225061441,241.78947282759069,1384.1422787715046,115.77207809117691,174.17038296902714,171.09678797545615,100.40410312332158,141.38536970426912,145.48349636236392,431.32783076447316
2015,west,California,72.74174818118196,78.88893816832409,929.2502197229865,373.9540575511466,238.71587783401958,559.3942888299345,186.46476294331143,469.2355023518497,117.82114142022428,149.58162302045864,3472.1378110707838,4494.620412265424,7966.758223336208,302.23684103448835,344.24263927995963,891.3425481356097,154.7042813430771,845.2386232320438,395.4692225061441,313.5066893442489,1646.4223848895688,124.99286307189008,161.87600299474292,181.34210462069302,120.89473641379534,123.96833140736643,209.00445956283264,645.4549486499243
2015,All,,64.54549486499243,53.275646555231845,917.9803714132256,354.48795592519656,251.01025780830392,530.7074022232711,176.21944629807456,423.1315774482837,113.72301476212952,129.09098972998487,3081.7912468872582,4113.494633062613,7195.285879949871,253.05932113735128,290.96699272472785,787.8648500187172,143.43443303331654,743.8099884441983,383.17484253185984,279.69714441496717,1453.8104319591152,127.04192640093748,169.04772464640874,176.21944629807456,110.64941976855845,133.18911638807958,158.80240800117184,527.6338072297
2014,northeast,New York,63.366202913382864,58.085686003934285,970.5590079566472,397.0948715905326,227.06222710628856,598.810617531468,202.77184932282518,488.97586581493766,120.39578553542744,167.92043772046455,2920.1258509250606,4319.462831928931,7238.532579472102,279.8673962007743,299.9333604566788,844.8827055117714,168.9765411023543,697.0282320472113,386.5338377716354,319.9993247125834,1415.1785317322172,151.02278361022908,162.639920811016,198.5474357952663,122.50799229920686,142.57395655511144,153.13499037400857,552.3420687283207
2014,midwest,Iowa,54.917375858265146,57.02958262204457,933.5953895905077,384.421631007856,257.68922518109025,577.6885498936738,193.2669188858177,499.5368996338348,123.56409568109656,102.44202804330229,2930.686884743957,4354.314243531292,7285.001128275249,240.79157107085487,279.8673962007743,795.2458465629549,160.52771404723654,811.0873972913007,391.814354681084,339.00918558659833,1548.247557850321,141.51785317322168,205.94015946849427,171.0887478661337,120.39578553542744,153.13499037400857,163.6960241929057,538.6127247637544
2014,south,Florida,61.25399614960343,42.244135275588576,930.4270794448382,342.1774957322674,238.67936430707542,514.3223469802908,172.14485124802343,387.58994115352516,114.05916524408914,129.90071597243485,2818.739926263647,3917.0874434289503,6735.827369692596,222.8378135787297,251.352604889752,719.2064030668954,143.63005993700114,683.2988880826451,397.0948715905326,243.959881216524,1364.4855694015107,120.39578553542744,198.5474357952663,182.70588506692056,101.38592466141256,143.63005993700114,126.73240582676573,384.421631007856
2014,west,California,67.59061644094172,66.534513059052,944.1564234094044,346.40190925982625,256.6331217992006,534.3883112361954,187.98640197636917,459.4049711220257,130.95681935432458,155.24719713778802,3179.927282869929,4397.61448218877,7577.5417650587015,296.7650503110097,350.6263227873851,894.5195644605881,159.47161066534684,803.6946736180727,404.4875952637605,300.9894638385685,1564.0891085786666,118.28357877164801,168.9765411023543,178.48147153936168,124.62019906298627,122.50799229920686,159.47161066534684,560.7908957834384
2014,All,,61.25399614960343,53.861272476375426,942.044216645625,362.243459988172,245.0159845984137,548.1176552007618,185.87419521258968,446.73173053934914,121.45188891731712,136.23733626377316,2943.360125326634,4193.786529484055,7138.2027581925795,253.46481165353146,289.37232663778167,798.414156708624,155.24719713778802,741.3845740865794,396.03876820864286,291.4845334015611,1459.5348737715854,129.90071597243485,186.93029859447944,181.64978168503086,115.11526862597886,140.46174979133198,146.79837008267026,488.97586581493766
2013,northeast,New York,60.850508776392786,53.377639277537526,1006.7022767743576,427.0211142203002,235.92916560671586,644.8018824726532,217.78076825235308,493.20938692444673,127.0387814805393,169.7408929025693,3000.89088018316,4507.207860595268,7508.098740778428,286.1041465276012,306.38764945306536,874.3257313660646,175.0786568303231,730.2061053167132,421.6833502925464,318.13073009412363,1488.168583057746,148.3898371915543,176.14620961587383,216.71321546680232,135.5792037649453,145.18717883490206,155.86270669040954,562.6003179852454
2013,midwest,Iowa,57.64785041974052,43.769664207580774,876.4608369371663,409.94026965148817,226.3211905367591,623.4508267616383,213.5105571101501,465.4530145001272,137.7143093360468,103.5526201984228,2640.058038667006,4397.249923683541,7037.3079623505455,242.33448232002036,302.1174383108624,833.7587255151361,166.53823454591702,843.3667005850928,407.80516408038665,298.91477995421013,1598.1265199694733,140.91696769269902,183.61907911472903,163.3355761892648,133.44409819384381,156.9302594759603,166.53823454591702,465.4530145001272
2013,south,Florida,59.78295599084203,32.02658356652251,891.4065759348765,348.0222080895446,239.1318239633681,525.2359704909692,176.14620961587383,375.7785805138642,112.09304248282879,116.3632536250318,2614.4367718137883,3850.662897481557,6465.099669295346,211.37545153904858,229.52384889341133,676.8284660391759,148.3898371915543,696.0444161790892,405.6700585092851,227.38874332230984,1380.3457517171203,114.2281480539303,186.8217374713813,175.0786568303231,102.48506741287204,133.44409819384381,135.5792037649453,384.3190027982701
2013,west,California,62.98561434749428,59.78295599084203,913.8251844314424,380.0487916560672,227.38874332230984,580.7487153396082,200.6999236835411,488.93917578224364,132.37654540829303,149.4573899771051,3109.7812643093357,4555.247735945051,7665.029000254389,302.1174383108624,359.7652887306029,920.2305011447467,169.7408929025693,888.2039175782244,407.80516408038665,319.19828287967437,1652.5717120325617,119.56591198168405,174.0111040447723,180.4164207580768,135.5792037649453,123.83612312388705,165.47068176036632,563.6678707707963
2013,All,,59.78295599084203,44.83721699313152,913.8251844314424,383.2514500127193,233.79406003561436,580.7487153396082,197.49726532688882,441.9668532180106,124.9036759094378,130.24143983719154,2802.32606207072,4245.657428135334,7047.983490206054,251.9424573899771,288.2392520987026,801.7321419486136,162.2680234037141,777.1784278809462,409.94026965148817,279.69882981429663,1507.3845331976595,127.0387814805393,181.48397354362754,181.48397354362754,122.76857033833627,138.78186212159756,152.66004833375732,475.060989570084
2012,northeast,New York,59.658619486410686,54.23510862400971,974.0625508872147,424.11854943975607,236.46507360068242,635.6354730733939,211.51692363363793,485.9465732711271,123.65604766274215,156.197112837148,3152.1445132274453,4399.552011579669,7551.696524807115,270.0908409475684,309.1401191568554,865.5923336391952,165.95943238946973,711.5646251470074,401.3398038176719,319.9871408816573,1439.3997828812176,156.197112837148,172.46764542435088,193.0769867014746,137.75717590498468,147.5194954573064,147.5194954573064,580.3156622769039
2012,midwest,Iowa,54.23510862400971,48.811597761608745,864.5076314667149,404.5939103351125,245.14269098052392,603.094407898988,198.50049756387557,456.65961461416185,126.91015418018274,112.80902593794022,2696.5696007857628,4236.846685707639,6934.500988665883,223.44864753092003,284.19196918981095,789.6631815655817,156.197112837148,788.5784793931012,392.66218643783037,300.46250177701387,1524.0065523346732,136.6724737325045,168.1288367344301,149.68889980226683,130.16426069762332,151.85830414722722,165.95943238946973,474.0148493738449
2012,south,Florida,54.23510862400971,47.72689558912855,910.0651227108832,351.443503883583,248.3967974979645,529.3346601703348,178.97585845923211,415.4409320599144,114.9784302829006,125.82545200770257,2716.094239890407,3961.33233389767,6677.426573788078,214.7710301510785,236.46507360068242,690.9552838698837,161.62062369954896,700.7176034222057,401.3398038176719,254.9050105328457,1414.4516329141736,120.40194114530158,193.0769867014746,167.04413456195,105.21611073057886,134.50306938754412,149.68889980226683,406.7633146800729
2012,west,California,65.08213034881166,71.59034338369283,968.6390400248137,394.83159078279084,248.3967974979645,611.7720252788297,215.8557323235587,490.28538196104796,134.50306938754412,162.70532587202916,3225.904260956098,4633.847680835392,7859.751941791488,298.29309743205346,340.59648215878104,906.8110161934424,177.89115628675185,862.3382271217545,410.0174211975135,312.394225674296,1655.2555152047767,127.99485635266295,174.6370497693113,189.82288018403403,134.50306938754412,133.4183672150639,177.89115628675185,568.3839383796219
2012,All,,57.4892151414503,54.23510862400971,924.1662509531257,386.1539734029492,245.14269098052392,583.5697687943447,197.41579539139542,454.4902102692015,123.65604766274215,136.6724737325045,2904.8324179019605,4253.117218294842,7157.949636196802,245.14269098052392,283.10726701733074,792.9172880830223,164.87473021698955,758.2068185636557,401.3398038176719,289.61548005221186,1496.8889980226684,132.3336650425837,180.06056063171226,172.46764542435088,123.65604766274215,141.0112824224253,159.45121935458857,489.20067978856764
2011,northeast,New York,58.78391810896357,55.392538218061816,997.0656879251128,457.83628527173556,243.0488921812917,689.5805778166879,231.74429254495246,501.92422385345816,127.74197589063236,165.04715469055154,3052.2419018115693,4633.7553909354165,7685.997292746986,295.0500505084517,314.2678698902282,916.8030305071048,168.4385345814533,752.8863357801872,422.7920263990842,333.48568927200483,1527.2514108694186,168.4385345814533,171.82991447235503,189.9172738904977,148.0902552360428,158.2643949087481,168.4385345814533,555.0558421442521
2011,midwest,Iowa,53.131618290794,47.47931847262443,894.1938312344266,423.92248636271796,247.5707320358273,616.1006801804834,193.3086537813994,462.35812512627115,125.48105596336454,102.87185669068623,2707.451612903225,4342.096720317866,7049.548333221092,229.48337261768467,274.70177116304126,786.8001346892047,161.65577479964978,830.8880732709273,405.83512694457534,301.8328102902552,1583.7744090511144,159.39485487238198,182.00405414506028,149.22071519967673,134.52473567243587,146.9597952724089,172.9603744359889,437.488005926325
2011,south,Florida,54.26207825442791,42.95747861808876,916.8030305071048,366.2690282173884,246.4402720721934,540.3598626170112,174.09083439962288,402.44374705367363,115.30691629065929,125.48105596336454,2796.757950030305,3962.262172536871,6760.15058253081,213.65693312680983,227.22245269041687,691.8414977439556,160.52531483601592,720.1029968348038,392.2696073809684,240.78797225402386,1410.8140346151254,120.95921610882887,196.70003367230117,174.09083439962288,110.78507643612363,139.04657552697148,139.04657552697148,436.3575459626911
2011,west,California,63.305757963499225,75.7408175634723,981.239248434238,393.40006734460235,272.44085123577344,608.1874604350462,213.65693312680983,517.7506633443329,132.26381574516802,165.04715469055154,3412.858630210789,4712.88758838979,8125.746218600579,308.6155700720587,341.39890901744224,932.6294699979796,191.0477338541316,853.4972725436056,422.7920263990842,326.7029294902013,1674.2112061418275,120.95921610882887,170.69945450872112,188.78681392686374,144.6988753451411,136.78565559970372,188.78681392686374,694.1024176712236
2011,All,,56.522998181695726,54.26207825442791,940.5426897434172,402.44374705367363,252.09257189036296,600.2742406896087,197.83049363593508,460.0972051990032,124.35059599973059,136.78565559970372,2961.8051047208564,4338.7053404269645,7300.510445147822,253.2230318539969,279.2236110175769,808.2788739982491,169.56899454508718,780.0173749074013,408.09604687184316,290.52821065391606,1529.5123307966865,139.04657552697148,183.1345141086942,174.09083439962288,131.1333557815341,144.6988753451411,162.78623476328372,515.4897434170651
2010,northeast,New York,58.67557515249825,58.67557515249825,989.4312672774213,429.137049644742,248.5083182929337,641.9798222567454,212.84277261200342,497.0166365858674,132.30766946151562,171.4247195631811,3273.176692330538,4498.460761691531,7771.63745402207,268.06684334376644,293.3778757624912,866.3276096045328,180.6287313518083,759.330972561742,401.52501427886045,316.38790523405913,1503.7054259669644,156.46820040666194,170.27421808960273,184.0802357725435,149.56519156519158,154.16719745950516,151.86619451234836,607.4647780493934
2010,midwest,Iowa,46.02005894313587,47.170560416714274,824.9095565557104,392.3210024902333,251.9598227136689,576.4012382627767,184.0802357725435,444.09356880126114,118.50165177857487,98.94312672774213,2486.2336844029155,4115.343770989925,6601.5774553928395,227.79929176852252,266.91634187018803,769.6854858239475,156.46820040666194,801.8995270841425,365.85946859793023,288.77586986817767,1499.1034200726508,134.60867240867242,164.52171072171072,128.85616504078044,130.00666651435884,144.963185670878,165.67221219528915,437.19055995979073
2010,south,Florida,48.321061890292654,40.26755157524389,877.8326243403168,353.2039523885678,223.19728587420897,522.3276690045919,170.27421808960273,392.3210024902333,110.44814146352607,130.00666651435884,2657.658403966096,3836.9224143839533,6494.58081835005,208.2407667176898,220.89628292705214,677.6453679376756,151.86619451234836,696.0533915149301,381.96648922802774,240.4548079778849,1366.7957506111356,128.85616504078044,181.77923282538669,164.52171072171072,111.59864293710449,136.90967535582922,138.0601768294076,373.9129789129789
2010,west,California,64.42808252039022,60.97657809965503,950.3142171757556,407.27752164675246,288.77586986817767,615.5182883644422,208.2407667176898,456.74908501062345,117.3511503049965,148.41469009161318,3326.0997601151453,4503.062767585845,7828.012026227411,291.07687281533435,322.1404126019512,896.2406479175711,170.27421808960273,854.8225948687488,390.0199995430765,286.4748669210208,1584.2405291174523,127.70566356720205,161.07020630097557,159.9197048273971,141.5116812501428,141.5116812501428,161.07020630097557,566.0467250005712
2010,All,,52.923067784606246,49.47156336387106,901.993155285463,387.71899659591975,249.6588197665121,577.5517397363553,189.8327431404355,437.19055995979073,118.50165177857487,134.60867240867242,2882.006191313884,4169.41734024811,7051.4235315619935,241.6053094514633,266.91634187018803,781.1905005597314,162.22070777455392,767.3844828767908,383.1169907016061,276.1203536588152,1470.3408832331909,134.60867240867242,171.4247195631811,158.76920335381874,130.00666651435884,142.66218272372117,151.86619451234836,474.00660711429947
2009,northeast,New York,52.81013847156933,68.8827893107426,1055.0547229428744,431.6654796806537,264.05069235784663,646.3501730324681,215.83273984032684,499.40022250288393,125.13706724784906,202.05618197817833,3366.0723043182884,4641.551953055539,8007.624257373827,283.56748266255704,283.56748266255704,862.1829128727948,174.50306625388126,839.2219831025475,383.4475271631338,326.04520273751496,1577.4158752160056,152.6901829721461,189.42767060454216,194.0198565585917,159.57846190322036,136.61753213297285,160.72650839173275,537.2857566237924
2009,midwest,Iowa,42.477720074957936,53.95818496008171,874.8114242464311,383.4475271631338,237.645623122062,585.5037091413121,202.05618197817833,481.0314786866859,120.54488129379958,118.24878831677479,2696.7612015155732,4227.107170702571,6923.868372218145,213.53664686330205,241.0897625875991,707.1966369236239,160.72650839173275,851.8504944761836,370.81901578949766,320.3049702949532,1578.5639217045182,141.20971808702234,196.31594953561645,138.91362510999758,130.87729969041095,122.84097427082432,180.2432986964432,479.8834321981735
2009,south,Florida,49.3659990060322,41.32967358644557,951.7305389767604,359.33855090437385,264.05069235784663,538.4338031123046,180.2432986964432,421.3330612840423,112.50855587421292,143.5058110640471,2827.638501205984,3996.349826511584,6823.988327717567,206.64836793222776,212.3886003747897,667.0150098256909,160.72650839173275,745.0821710445325,377.7072947205719,260.6065528923095,1417.8374133127854,115.95269533975004,197.4639960241288,181.39134518495555,120.54488129379958,127.43316022487382,142.35776457553473,422.48110777255465
2009,west,California,57.40232442561883,68.8827893107426,1004.5406774483296,383.4475271631338,270.9389712889209,592.3919880723864,208.94446090925254,495.95608303734673,115.95269533975004,172.20697327685653,3306.373886915645,4618.591023285292,7924.964910200937,285.86357563958177,300.78817999024267,849.5544014991588,169.91088029983175,897.7723540166786,419.0369683070175,326.04520273751496,1677.2959197165826,123.98902075933668,187.1315776275174,194.0198565585917,144.65385755255946,118.24878831677479,174.50306625388126,608.4646389115596
2009,All,,50.51404549454458,56.25427793710646,965.5070968389086,383.4475271631338,259.4585064037971,580.9115231872627,198.61204251264115,466.1068743360249,117.10074182826244,154.98627594917085,3006.733753413914,4308.61847138695,7315.352224800866,239.94171609908676,252.5702274727229,753.1184964641193,165.31869434578223,820.8532392863492,386.89166662867103,300.78817999024267,1541.8264340721219,130.87729969041095,192.8718100700793,176.79915923090599,135.46948564446046,126.28511373636145,161.87455488024509,499.40022250288393
2008,northeast,New York,61.62157376482782,65.2463722215824,1111.604860071404,463.974202464586,282.73427962685713,699.5861021536335,235.6118996890476,557.0106961879535,137.74234135667393,201.78044742600486,3549.885955314984,4858.4381982033865,8408.32415351837,288.7756103881147,292.40040884486933,875.9929603823564,211.44657664401703,825.2457819877922,425.30968559253716,345.5641195439364,1614.2435794080386,157.0745997926984,186.07298744673503,222.3209720142808,164.32419670620752,130.4927444431648,161.9076644017045,549.7610992744443
2008,midwest,Iowa,53.163710699067146,54.37197685131867,906.1996141886444,385.43690256823686,269.4433519520903,583.5925515374871,198.1556489692503,508.6800500978924,118.41008292064954,115.99355061614649,2945.7528791892205,4262.762985143384,7208.515864332604,211.44657664401703,240.4449642980537,714.0852959806517,193.32258436024415,828.8705804445468,380.60383795923065,315.35746573764834,1550.2054733387079,122.03488137740412,182.4481889899804,163.11593055395602,135.3258090521709,126.86794598641022,167.94899516296212,543.7197685131868
2008,south,Florida,59.20504146032477,47.122379937809505,1018.5683663480363,386.64516872048836,293.60867499712083,570.3016238627202,183.65645514223198,473.6403316825982,119.61834907290108,143.78367211793164,3159.615988137741,4221.6819359668325,7381.297924104572,218.69617355752618,228.3623027755384,700.7943683058852,194.53085051249568,753.9580790049522,401.14436254750666,279.1094811701025,1458.3772457675918,122.03488137740412,210.23831049176556,189.6977859034896,125.65967983415872,128.07621213866176,136.53407520442244,470.0155332258437
2008,west,California,74.91250143959462,77.32903374409767,1072.940343199355,418.060088679028,304.48307036738464,637.9645283888058,219.9044397097777,571.5098900149718,136.53407520442244,172.7820597719682,3500.347043072671,5002.2218703213175,8502.568913393989,333.4814580214212,340.7310549349304,956.9467925832088,219.9044397097777,919.4905418634113,457.9328717033284,351.6054503051941,1762.8603161349765,123.24314752965564,199.3639151215018,200.57218127375333,152.24153518369232,130.4927444431648,170.36552746746514,625.8818668662905
2008,All,,61.62157376482782,59.20504146032477,1022.193164804791,407.18569330876437,288.7756103881147,612.5909391915237,205.4052458827594,519.5544454681562,125.65967983415872,154.65806748819534,3259.9020787746167,4523.748474029713,7784.8588189565835,256.1524242773235,268.2350857998388,793.8308620292528,202.9887135782564,821.6209835310376,413.2270240700219,315.35746573764834,1576.7873286882416,128.07621213866176,196.94738281699875,192.11431820799262,140.158873661177,129.28447829091328,155.86633364044687,536.4701715996775
2007,northeast,New York,56.99167056480211,55.725188996695394,1053.7126646647855,429.3372515881759,262.16168459808966,626.9083762128232,198.837606192754,506.5926272426854,117.78278583392435,201.37056932896743,3576.543948333359,4553.001237343636,8129.545185676993,259.62872146187624,273.56001871105013,819.4135745650435,191.23871678411373,792.8174616348025,421.7383621795356,315.35391045857165,1546.373994658297,153.2442697409123,188.7057536479003,191.23871678411373,168.44204855819288,117.78278583392435,158.3101960133392,643.3726365982104
2007,midwest,Iowa,41.79389174752154,53.19222586048197,875.1387635617392,396.40873081740125,254.56279518944942,562.3178162393808,165.90908542197946,474.9305880400176,110.18389642528408,121.58223053824447,3218.1296645591588,4118.598059483033,7336.727724042191,203.9035324651809,241.8979795083823,691.4989361862656,183.63982737547343,797.8833879072295,396.40873081740125,291.29076066454417,1514.7119554556293,138.04649092363178,177.30741953493992,141.84593562795192,132.9805646512049,112.7168595614975,158.3101960133392,634.5072656214635
2007,south,Florida,53.19222586048197,39.26092861130812,975.1908074421693,385.01039670444084,277.35946341537027,554.7189268307405,169.70853012629962,463.5322539270571,113.98334112960421,130.4476015149915,3128.2094732235823,4193.320472001328,7320.263463656805,221.6342744186749,224.16723755488832,699.0978255949059,197.57112462464733,787.7515353623758,411.60650963468186,267.22761087051657,1500.7806582064554,122.8487121063512,202.63705089707418,187.4392720797936,129.1811199468848,124.11519367445791,148.17834346848542,483.7959590167646
2007,west,California,64.5905599734424,79.78833879072295,1051.1797015285722,409.0735464984684,297.62316850507773,607.9111526912226,198.837606192754,534.4552217410331,122.8487121063512,187.4392720797936,3784.24692550286,4840.4925533038595,8626.005960374825,295.09020536886425,305.22205791371795,877.6717266979524,203.9035324651809,929.5974709903276,463.5322539270571,330.5516892758522,1768.0082690769718,124.11519367445791,182.37334580736675,195.03816148843387,150.7113066046989,126.64815681067135,172.24149326251305,618.0430052360763
2007,All,,54.458707428588674,54.458707428588674,984.0561784189164,401.4746570898282,273.56001871105013,582.5815213290883,181.10686423926003,490.12836685729815,115.24982269771091,154.51075130901904,3378.9728237087115,4388.358633489762,7767.331457198474,240.63149794027558,255.8292767575561,759.8889408640282,195.03816148843387,823.2130192693637,421.7383621795356,296.35668693697085,1571.703626020431,131.71408308309822,189.97223521600705,179.8403826711533,141.84593562795192,121.58223053824447,157.04371444523247,578.782076624768
2006,northeast,New York,47.997635239567245,54.483802163833076,1061.1369088098918,419.0063833075734,282.79687789799067,618.7803245749614,199.77394126738795,492.948686244204,111.5620710973725,175.12650695517777,3576.472442040185,4492.319211746522,8068.791653786708,273.7162442040185,269.82454404945906,823.7431993817619,182.9099072642968,754.989829984544,412.5202163833076,310.0387789799073,1495.7100927357035,155.66800618238022,182.9099072642968,216.6379752704792,159.55970633693974,119.34547140649151,162.15417310664606,673.2641267387945
2006,midwest,Iowa,37.61976816074189,49.294868624420396,957.3582380216384,387.8727820710974,290.58027820710976,561.702055641422,173.8292735703246,473.49018547140656,105.07590417310664,132.31780525502322,3246.975162287481,4228.9808346213285,7475.9559969088095,211.44904173106644,233.50200927357034,687.5336939721792,172.53204018547143,810.7708655332303,411.22298299845454,300.9581452859352,1547.5994281298301,147.88460587326122,201.07117465224118,149.18183925811437,131.02057187017002,111.5620710973725,171.23480680061826,678.4530602782071
2006,south,Florida,42.808701700154565,42.808701700154565,991.0863060278207,359.3336476043277,299.66091190108193,527.9739876352396,168.64034003091191,425.4925502318393,103.77867078825348,141.3984389489954,3262.541962905719,4065.5294281298297,7328.071391035551,223.124142194745,203.66564142194747,664.1834930448223,176.4237403400309,739.4230293663062,422.8980834621329,250.36604327666154,1456.7930911901087,116.75100463678517,211.44904173106644,177.72097372488412,116.75100463678517,120.64270479134468,147.88460587326122,474.7874188562597
2006,west,California,64.86166924265842,83.0229366306028,1166.2128129829985,437.1676506955178,355.44194744976824,647.3194590417311,210.1518083462133,556.5131221020093,129.72333848531684,198.47670788253484,4073.312828438949,5212.283740340031,9285.59656877898,317.8221792890263,343.7668469860897,983.3029057187018,201.07117465224118,988.4918392581143,482.57081916537874,355.44194744976824,1858.9354404945905,138.80397217928905,211.44904173106644,194.58500772797532,180.3154404945904,141.3984389489954,173.8292735703246,865.2546676970635
2006,All,,47.997635239567245,55.78103554868625,1033.8950077279753,394.35894899536316,306.14707882534776,578.5660896445131,185.5043740340031,477.38188562596605,111.5620710973725,158.2624729520865,3494.746738794436,4432.6464760432755,7927.393214837713,250.36604327666154,252.96051004636783,767.9621638330757,181.61267387944358,813.3653323029367,430.6814837712519,295.76921174652244,1572.24686244204,136.2095054095827,203.66564142194747,182.9099072642968,141.3984389489954,123.237171561051,162.15417310664606,644.7249922720248
2005,northeast,New York,49.266742464304606,49.266742464304606,1178.4072184029615,460.7106187202538,323.5626599682708,676.419058699101,215.7084399788472,564.5702379693283,123.83262295081968,210.38230565838185,3794.870703331571,4853.439899524062,8648.310602855632,288.9427868852459,284.9481861448969,868.159894235854,201.06157059756745,817.5616181914331,407.4492755156002,363.50866737176096,1565.8834902168167,166.44169751454257,217.0399735589635,211.71383923849817,169.10476467477525,126.49569011105235,167.7732310946589,587.2063088313063
2005,midwest,Iowa,34.619873083024856,53.261343204653635,948.0519090428346,414.10694341618205,292.93738762559485,604.5162453728186,190.40930195663668,520.6296298254892,110.51728714965628,113.18035430988894,3358.1276890534114,4303.516530936014,7661.644219989424,199.73003701745108,233.01837652035962,688.4028609201482,199.73003701745108,818.8931517715496,399.46007403490216,319.56805922792176,1541.9158857747225,145.1371602326811,199.73003701745108,161.11556319407725,141.14255949233208,115.84342147012163,158.45249603384454,612.5054468535168
2005,south,Florida,39.94600740349022,39.94600740349022,974.6825806451612,359.514066631412,302.2581226864093,532.6134320465362,171.76783183500794,442.06914859862513,105.19115282919093,133.15335801163405,3302.2032786885247,4009.2476097303015,7311.450888418827,198.39850343733474,197.0669698572184,632.4784505552618,182.42010047593868,749.6534056054998,387.47627181385513,259.64904812268645,1427.403997884717,118.50648863035431,209.05077207826545,171.76783183500794,118.50648863035431,118.50648863035431,145.1371602326811,466.03675304071925
2005,west,California,53.261343204653635,85.2181491274458,1021.2862559492332,408.78080909571656,295.60045478582765,607.1793125330512,197.0669698572184,533.9449656266526,119.83802221047064,166.44169751454257,3745.6039608672654,4696.318937070334,8440.591364357484,274.29591750396617,284.9481861448969,830.8769539925966,202.39310417768377,896.1220994182972,431.41687995769433,331.5518614489688,1703.0314489688,134.48489159175043,190.40930195663668,179.757033315706,155.78942887361185,115.84342147012163,170.4362982548916,669.7613907985193
2005,All,,43.94060814383924,54.59287678476996,1017.2916552088844,402.1231411951349,303.5896562665256,592.5324431517716,190.40930195663668,503.31969328397673,113.18035430988894,150.46329455314648,3507.259450026441,4390.066213643575,7897.325663670016,233.01837652035962,242.33911158117402,735.00653622422,194.4039026969857,810.9039502908514,403.45467477525114,308.915790586991,1541.9158857747225,137.14795875198308,203.7246377578001,178.42549973558963,141.14255949233208,118.50648863035431,158.45249603384454,567.2333051295611
2004,northeast,New York,64.35166394779772,49.29063621533442,1380.137814029364,473.7377814029363,382.0024306688418,713.3450407830342,240.97644371941269,570.9498694942904,127.33414355628058,224.54623164763456,3741.9807993474706,4975.615889070146,8718.965872756933,284.79034257748776,291.636264274062,873.5396084828711,213.59275693311585,691.4380913539967,382.0024306688418,357.35711256117446,1437.643556280587,184.8398858075041,258.7758401305057,265.62176182707987,173.8864110929853,121.85740619902121,187.57825448613377,855.7402120717783
2004,midwest,Iowa,43.813898858075035,60.24411092985318,1069.332969004894,417.60122349102767,331.3426101141925,610.6562153344207,193.05499184339317,490.16799347471454,113.64230016313213,124.59577487765091,3290.1499673735725,4366.3288580750395,7656.478825448613,202.63928221859703,234.1305220228385,698.2840130505708,187.57825448613377,766.7432300163133,380.6332463295269,302.5897389885808,1497.8876672104404,162.93293637846656,232.76133768352364,173.8864110929853,153.34864600326264,106.79637846655793,176.62477977161498,584.6417128874389
2004,south,Florida,54.76737357259381,45.18308319738989,1162.4375040783036,388.848352365416,360.09548123980426,584.6417128874389,195.79336052202282,450.461647634584,115.01148450244699,160.19456769983685,3010.836362153345,4270.485954323001,7281.322316476347,227.28460032626427,220.4386786296901,685.9613539967372,182.1015171288744,672.2695106035889,391.5867210440457,269.7293148450245,1386.983735725938,125.96495921696577,258.7758401305057,204.0084665579119,127.33414355628058,112.27311582381728,161.56375203915172,476.4761500815662
2004,west,California,69.8284013050571,73.93595432300162,1262.387960848287,429.9238825448614,387.47916802610115,657.2084828711256,225.91541598694943,562.7347634584013,136.91843393148451,210.8543882544861,3546.187438825449,4975.615889070146,8521.803327895594,308.0664763458402,303.9589233278956,883.1238988580751,220.4386786296901,783.1734420880913,432.66225122349095,340.92690048939636,1611.5299673735724,136.91843393148451,235.49970636215332,223.17704730831971,164.3021207177814,106.79637846655793,184.8398858075041,728.4060685154974
2004,All,,57.505742251223495,56.136557911908646,1204.8822185970635,420.33959216965735,362.83384991843394,631.1939804241435,210.8543882544861,507.9673898858076,121.85740619902121,175.25559543230014,3332.5946818923326,4582.659983686786,7915.254665579118,250.56073409461663,256.0374714518761,768.1124143556281,197.1625448613377,721.5601468189232,397.06345840130507,309.43566068515497,1471.8731647634586,147.87190864600325,247.8223654159869,213.59275693311585,150.6102773246329,112.27311582381728,175.25559543230014,628.4556117455138
